<?xml version="1.0" encoding="UTF-8"?>
<app-config>
    <config-entry id="select-product-by-sfid"><![CDATA[select * from async_int_poc.product where salesforce_id = ?]]></config-entry>
    <config-entry id="select-product-by-nsid"><![CDATA[select * from async_int_poc.product where netsuite_id = ?]]></config-entry>
    <config-entry id="insert-product-db-map"><![CDATA[INSERT INTO async_int_poc.product
        (create_user, create_time, salesforce_id, netsuite_id)
        VALUES
        (?,?,?,?)]]>
    </config-entry>
    <config-entry id="add-noninventory-saleitem"><![CDATA[<soapenv:Envelope
    xmlns:xsd='http://www.w3.org/2001/XMLSchema'
    xmlns:xsi='http://www.w3.org/2001/XMLSchema-instance'
    xmlns:soapenv='http://schemas.xmlsoap.org/soap/envelope/'
    xmlns:platformCore='urn:core_2021_1.platform.webservices.netsuite.com'
    xmlns:listAcct='urn:accounting_2021_1.lists.webservices.netsuite.com'
    xmlns:platformMsgs='urn:messages_2021_1.platform.webservices.netsuite.com'>
    <soapenv:Header>
        <tokenPassport xsi:type='platformCore:TokenPassport'>
            <account xsi:type='xsd:string'>%s</account>
            <consumerKey xsi:type='xsd:string'>%s</consumerKey>
            <token xsi:type='xsd:string'>%s</token>
            <nonce xsi:type='xsd:string'>%s</nonce>
            <timestamp xsi:type='xsd:long'>%s</timestamp>
            <signature algorithm='%s' xsi:type='platformCore:TokenPassportSignature'>%s</signature>
        </tokenPassport>
    </soapenv:Header>
    <soapenv:Body>
        <add xsi:type='platformMsgs:AddRequest'>
            <record xsi:type='listAcct:NonInventorySaleItem'>
                <salesDescription xsi:type='xsd:string'>%s</salesDescription>
                <taxSchedule xsi:type='platformCore:CustomizationRef' internalId='1'/>
                <itemId xsi:type='xsd:string'>%s</itemId>
                <displayName xsi:type='xsd:string'>%s</displayName>
            </record>
        </add>
    </soapenv:Body>
</soapenv:Envelope>]]>
    </config-entry>
    <config-entry id="update-noninventory-saleitem"><![CDATA[<soapenv:Envelope
    xmlns:xsd='http://www.w3.org/2001/XMLSchema'
    xmlns:xsi='http://www.w3.org/2001/XMLSchema-instance'
    xmlns:soapenv='http://schemas.xmlsoap.org/soap/envelope/'
    xmlns:platformCore='urn:core_2021_1.platform.webservices.netsuite.com'
    xmlns:listAcct='urn:accounting_2021_1.lists.webservices.netsuite.com'
    xmlns:platformMsgs='urn:messages_2021_1.platform.webservices.netsuite.com'>
    <soapenv:Header>
        <tokenPassport xsi:type='platformCore:TokenPassport'>
            <account xsi:type='xsd:string'>%s</account>
            <consumerKey xsi:type='xsd:string'>%s</consumerKey>
            <token xsi:type='xsd:string'>%s</token>
            <nonce xsi:type='xsd:string'>%s</nonce>
            <timestamp xsi:type='xsd:long'>%s</timestamp>
            <signature algorithm='%s' xsi:type='platformCore:TokenPassportSignature'>%s</signature>
        </tokenPassport>
    </soapenv:Header>
    <soapenv:Body>
        <update xsi:type='platformMsgs:UpdateRequest'>
            <record xsi:type='listAcct:NonInventorySaleItem' internalId='%s'>
                <salesDescription xsi:type='xsd:string'>%s</salesDescription>
                <displayName xsi:type='xsd:string'>%s</displayName>
            </record>
        </update>
    </soapenv:Body>
</soapenv:Envelope>]]></config-entry>
</app-config>